<?xml version="1.0" encoding="UTF-8" ?>
<!DOCTYPE mapper
        PUBLIC "-//mybatis.org//DTD Mapper 3.0//EN"
        "http://mybatis.org/dtd/mybatis-3-mapper.dtd">
<mapper namespace="com.music_recommend_system.front.dao.AlbumMapper">
    <resultMap id="AlbumVOMap" type="com.music_recommend_system.front.VO.AlbumVO">
        <id column="album_id" property="albumId" jdbcType="VARCHAR" />
        <result column="album_name" property="albumName" jdbcType="VARCHAR" />
        <result column="album_img" property="albumImg" jdbcType="VARCHAR" />
        <result column="album_description" property="albumDescription" jdbcType="VARCHAR" />
        <result column="album_publish_time" property="albumPublishTime" jdbcType="DATE" javaType="java.lang.String"/>
        <result column="artist_id" property="artistId" jdbcType="VARCHAR" />
        <result column="artist_name" property="artistName" jdbcType="VARCHAR" />
        <collection property="musicVOList" ofType="com.music_recommend_system.front.VO.MusicVO">
            <id column="music_id" property="musicId" jdbcType="VARCHAR" />
            <result column="music_name" property="musicName" jdbcType="VARCHAR" />
            <result column="artist_id" property="artistId" jdbcType="VARCHAR" />
            <result column="artist_name" property="artistName" jdbcType="VARCHAR" />
            <result column="album_id" property="albumId" jdbcType="VARCHAR" />
            <result column="album_name" property="albumName" jdbcType="VARCHAR" />
            <result column="album_img" property="albumImg" jdbcType="VARCHAR" />
            <result column="time_length" property="timeLength" jdbcType="INTEGER" />
        </collection>
    </resultMap>

    <select id="getAlbumVOByAlbumId" resultMap="AlbumVOMap">
        select t3.album_id,t3.album_name,t3.album_img,t3.album_description,t3.album_publish_time,t2.artist_id,t2.artist_name,t1.music_id,t1.music_name,t1.time_length
        from music as t1 inner join artist as t2 inner join album as t3
        on t1.artist_id=t2.artist_id and t1.album_id=t3.album_id and t2.artist_id=t3.artist_id
        where t3.album_id=#{albumId}
    </select>

    <select id="listAlbumsByAlbumNameRegexp" resultMap="AlbumVOMap">
        SELECT t1.album_id,t1.album_name,t1.album_img,t1.album_publish_time,t2.artist_id,t2.artist_name
        FROM album AS t1 INNER JOIN artist AS t2 INNER JOIN
        (SELECT SUM(play_times) AS total_play_times,album_id FROM music GROUP BY album_id) AS t3
        ON t1.artist_id=t2.artist_id AND t1.album_id=t3.album_id
        WHERE album_name REGEXP #{albumName}
        ORDER BY t3.total_play_times DESC
    </select>

    <select id="listLatestAlbums" resultMap="AlbumVOMap">
        select t3.album_id,t3.album_name,t3.album_img,t3.album_description,t3.album_publish_time,t2.artist_id,t2.artist_name,t1.music_id,t1.music_name,t1.time_length
        from music as t1 inner join artist as t2 inner join album as t3
        on t1.artist_id=t2.artist_id and t1.album_id=t3.album_id and t2.artist_id=t3.artist_id
        ORDER BY t3.gmt_create DESC
        limit 10
    </select>
</mapper>