<?xml version="1.0" encoding="UTF-8" ?>
<!DOCTYPE mapper
        PUBLIC "-//mybatis.org//DTD Mapper 3.0//EN"
        "http://mybatis.org/dtd/mybatis-3-mapper.dtd">
<mapper namespace="com.music_recommend_system.front.dao.ArtistMapper">
    <resultMap id="ArtistListVOMap" type="com.music_recommend_system.front.VO.ArtistListVO">
        <id column="artist_id" property="artistId" jdbcType="VARCHAR" />
        <result column="artist_name" property="artistName" jdbcType="VARCHAR" />
        <result column="artist_img" property="artistImg" jdbcType="VARCHAR" />
    </resultMap>
    <resultMap id="ArtistVOMap" type="com.music_recommend_system.front.VO.ArtistVO">
        <id column="artist_id" property="artistId" jdbcType="VARCHAR" />
        <result column="artist_name" property="artistName" jdbcType="VARCHAR" />
        <result column="artist_img" property="artistImg" jdbcType="VARCHAR" />
        <result column="artist_description" property="artistDescription" jdbcType="VARCHAR" />
        <collection property="musicVOList" ofType="com.music_recommend_system.front.VO.MusicVO">
            <id column="music_id" property="musicId" jdbcType="VARCHAR" />
            <result column="music_name" property="musicName" jdbcType="VARCHAR" />
            <result column="artist_id" property="artistId" jdbcType="VARCHAR" />
            <result column="artist_name" property="artistName" jdbcType="VARCHAR" />
            <result column="album_id" property="albumId" jdbcType="VARCHAR" />
            <result column="album_name" property="albumName" jdbcType="VARCHAR" />
            <result column="album_img" property="albumImg" jdbcType="VARCHAR" />
            <result column="time_length" property="timeLength" jdbcType="INTEGER" />
        </collection>
    </resultMap>
    <resultMap id="ArtistAlbumVOMap" type="com.music_recommend_system.front.VO.ArtistVO">
        <id column="artist_id" property="artistId" jdbcType="VARCHAR" />
        <result column="artist_name" property="artistName" jdbcType="VARCHAR" />
        <result column="artist_img" property="artistImg" jdbcType="VARCHAR" />
        <result column="artist_description" property="artistDescription" jdbcType="VARCHAR" />
        <collection property="artistAlbumVOList" ofType="com.music_recommend_system.front.VO.ArtistAlbumVO">
            <id column="album_id" property="albumId" jdbcType="VARCHAR" />
            <result column="album_name" property="albumName" jdbcType="VARCHAR" />
            <result column="album_img" property="albumImg" jdbcType="VARCHAR" />
            <result column="album_publish_time" property="albumPublishTime" jdbcType="DATE" javaType="java.lang.String" />
        </collection>
    </resultMap>
    <select id="listArtistsByArtistLocationAndArtistType" resultMap="ArtistListVOMap">
        select t2.artist_id,t2.artist_name,t2.artist_img
        from
        (select artist_id,sum(play_times) as total_play_times from music where is_deleted=0 group by artist_id) as t1
        inner join artist as t2
        on t1.artist_id=t2.artist_id
        where t2.artist_location=#{artistLocation} and t2.artist_type=#{artistType} and t2.is_deleted=0
        order by t1.total_play_times desc
        limit 28
    </select>
    <select id="listHotArtists" resultMap="ArtistListVOMap">
        select t2.artist_id,t2.artist_name,t2.artist_img
        from
        (select artist_id,sum(play_times) as total_play_times from music where is_deleted=0 group by artist_id) as t1
        inner join artist as t2
        on t1.artist_id=t2.artist_id
        where t2.is_deleted=0
        order by t1.total_play_times desc
        limit 28
    </select>
    <select id="listArtistMusicsByArtistId" resultMap="ArtistVOMap">
        select t2.artist_id,t2.artist_name,t2.artist_img,t2.artist_description,t1.music_id,t1.music_name,t1.album_id,t3.album_name,t3.album_img,t1.time_length
        from music as t1 inner join artist as t2 inner join album as t3
        on t1.artist_id=t2.artist_id and t1.album_id=t3.album_id and t2.artist_id=t3.artist_id
        where t2.artist_id=#{artistId}
    </select>
    <select id="listArtistAlbumsByArtistId" resultMap="ArtistAlbumVOMap">
        select t1.artist_id,t1.artist_name,t1.artist_img,t1.artist_description,t2.album_id,t2.album_name,t2.album_img,t2.album_publish_time
        from artist as t1 inner join album as t2
        on t1.artist_id=t2.artist_id
        where t1.artist_id=#{artistId}
    </select>
    <select id="listArtistsByArtistNameRegexp" resultMap="ArtistVOMap">
        SELECT t1.artist_id,t1.artist_name,t1.artist_img
        FROM artist AS t1
        INNER JOIN
        (SELECT SUM(play_times) AS total_play_times,artist_id FROM music GROUP BY artist_id) AS t2
        ON t1.artist_id=t2.artist_id
        WHERE artist_name REGEXP #{artistName}
        ORDER BY t2.total_play_times DESC
    </select>
</mapper>