<?xml version="1.0" encoding="UTF-8" ?>
<!DOCTYPE mapper
        PUBLIC "-//mybatis.org//DTD Mapper 3.0//EN"
        "http://mybatis.org/dtd/mybatis-3-mapper.dtd">
<mapper namespace="com.music_recommend_system.front.dao.ScoreMapper">
    <resultMap id="BaseResultMap" type="com.music_recommend_system.front.entity.Score">
        <id column="score_id" property="scoreId" />
        <result column="user_id" property="userId" />
        <result column="music_id" property="musicId" />
        <result column="score" property="score" />
    </resultMap>

    <insert id="insertScore">
        insert into score (user_id,music_id,score) values(#{userId},#{musicId},#{score})
    </insert>

    <select id="selectScoreByUserIdAndMusicId" resultMap="BaseResultMap">
        select * from score where user_id=#{userId} and music_id=#{musicId}
    </select>

    <update id="updateScore">
        update score set score=#{score} where user_id=#{userId} and music_id=#{musicId}
    </update>
</mapper>