<?xml version="1.0" encoding="UTF-8" ?>
<!DOCTYPE mapper
        PUBLIC "-//mybatis.org//DTD Mapper 3.0//EN"
        "http://mybatis.org/dtd/mybatis-3-mapper.dtd">
<mapper namespace="com.music_recommend_system.front.dao.TagMapper">
    <resultMap id="BaseResultMap" type="com.music_recommend_system.front.entity.Tag">
        <id property="tagId" column="tag_id" />
        <result property="tagName" column="tag_name" />
    </resultMap>

    <select id="listTags" resultMap="BaseResultMap">
        select * from tag
    </select>

    <insert id="insertUserTags">
        insert into user_tag (user_id, tag_id) values
        <foreach collection="tags" separator="," item="tag">
            (#{userId}, #{tag})
        </foreach>
    </insert>
</mapper>