<?xml version="1.0" encoding="UTF-8" ?>
<!DOCTYPE mapper
        PUBLIC "-//mybatis.org//DTD Mapper 3.0//EN"
        "http://mybatis.org/dtd/mybatis-3-mapper.dtd">
<mapper namespace="com.music_recommend_system.front.dao.UserMapper">
    <resultMap id="BaseUserMap" type="com.music_recommend_system.front.entity.User">
        <id column="user_id" property="userId" jdbcType="INTEGER" />
        <result column="username" property="username" jdbcType="VARCHAR" />
        <result column="password" property="password" jdbcType="VARCHAR" />
        <result column="nickname" property="nickname" jdbcType="VARCHAR" />
        <result column="avatar" property="avatar" jdbcType="VARCHAR" />
        <result column="sex" property="sex" jdbcType="TINYINT" />
    </resultMap>

    <select id="getUserByUsername" resultMap="BaseUserMap">
        select user_id,username,nickname,avatar,sex from user where username=#{username} and is_deleted=0
    </select>

    <select id="getUserByUserNameAndPassword" resultMap="BaseUserMap">
        select user_id,username,nickname,avatar,sex from user where username=#{username} and password=#{password} and is_deleted=0
    </select>

    <select id="getUserByUserIdAndUsername" resultMap="BaseUserMap">
        select user_id,username,nickname,avatar,sex from user where user_id=#{userId} and username=#{username} and is_deleted=0
    </select>

    <insert id="insertUser">
        insert into user (username,password,nickname)values(#{username},#{password},#{nickname})
    </insert>

    <select id="countUser">
        select count(*) from user
    </select>
</mapper>